{"loss": 7.088949680328369, "loc_loss": 2.8568482398986816, "conf_loss": 4.2321014404296875}