{"loss": 4.597986221313477, "loc_loss": 1.834506630897522, "conf_loss": 2.763479471206665}