{"loss": 4.345800876617432, "loc_loss": 1.7169462442398071, "conf_loss": 2.628854751586914}