{"loss": 4.38267183303833, "loc_loss": 1.746842384338379, "conf_loss": 2.635829448699951}