{"loss": 4.3822126388549805, "loc_loss": 1.7238160371780396, "conf_loss": 2.6583964824676514}