{"loss": 4.427868843078613, "loc_loss": 1.761309027671814, "conf_loss": 2.666559934616089}