{"loss": 4.290508270263672, "loc_loss": 1.6696069240570068, "conf_loss": 2.620901584625244}