{"loss": 4.404818534851074, "loc_loss": 1.7415025234222412, "conf_loss": 2.663315773010254}