{"loss": 4.390322208404541, "loc_loss": 1.7367844581604004, "conf_loss": 2.6535377502441406}