{"loss": 4.405416011810303, "loc_loss": 1.734169602394104, "conf_loss": 2.6712465286254883}