{"loss": 4.324253082275391, "loc_loss": 1.702124834060669, "conf_loss": 2.622128486633301}