{"loss": 5.639542579650879, "loc_loss": 2.2388627529144287, "conf_loss": 3.40067982673645}