{"loss": 4.3155198097229, "loc_loss": 1.692522644996643, "conf_loss": 2.622997283935547}