{"loss": 4.304788112640381, "loc_loss": 1.6941777467727661, "conf_loss": 2.610610246658325}