{"loss": 4.31736421585083, "loc_loss": 1.7017560005187988, "conf_loss": 2.6156082153320312}