{"loss": 4.392422676086426, "loc_loss": 1.7324413061141968, "conf_loss": 2.6599814891815186}