{"loss": 4.324093341827393, "loc_loss": 1.7019890546798706, "conf_loss": 2.6221041679382324}