{"loss": 5.142516136169434, "loc_loss": 1.9763891696929932, "conf_loss": 3.1661269664764404}