{"loss": 5.235628128051758, "loc_loss": 2.024214744567871, "conf_loss": 3.211413621902466}