{"loss": 6.006214618682861, "loc_loss": 2.5675055980682373, "conf_loss": 3.438709020614624}