{"loss": 4.555393218994141, "loc_loss": 1.8115334510803223, "conf_loss": 2.7438595294952393}