{"loss": 4.442942142486572, "loc_loss": 1.7428008317947388, "conf_loss": 2.700141429901123}