{"loss": 4.602101802825928, "loc_loss": 1.8167248964309692, "conf_loss": 2.785376787185669}