{"loss": 4.434154987335205, "loc_loss": 1.754176378250122, "conf_loss": 2.679978609085083}