{"loss": 4.723413467407227, "loc_loss": 1.8362078666687012, "conf_loss": 2.8872053623199463}