{"loss": 4.82730770111084, "loc_loss": 2.121941328048706, "conf_loss": 2.7053661346435547}