{"loss": 4.587149620056152, "loc_loss": 1.769927978515625, "conf_loss": 2.8172216415405273}