{"loss": 4.609613418579102, "loc_loss": 1.76968252658844, "conf_loss": 2.839930772781372}