{"loss": 4.615169525146484, "loc_loss": 1.7865352630615234, "conf_loss": 2.828634262084961}