{"loss": 4.670410633087158, "loc_loss": 1.7937530279159546, "conf_loss": 2.876657485961914}