{"loss": 4.702949047088623, "loc_loss": 1.8076356649398804, "conf_loss": 2.895313262939453}