{"loss": 4.560482501983643, "loc_loss": 1.7555049657821655, "conf_loss": 2.8049774169921875}