{"loss": 4.667068004608154, "loc_loss": 1.7892886400222778, "conf_loss": 2.877779483795166}