{"loss": 4.645987510681152, "loc_loss": 1.7663381099700928, "conf_loss": 2.8796494007110596}