{"loss": 4.767989158630371, "loc_loss": 2.0731358528137207, "conf_loss": 2.6948533058166504}