{"loss": 5.022934913635254, "loc_loss": 2.064018726348877, "conf_loss": 2.958916187286377}