{"loss": 4.62473201751709, "loc_loss": 1.9348399639129639, "conf_loss": 2.689892292022705}