{"loss": 4.7638726234436035, "loc_loss": 1.9411479234695435, "conf_loss": 2.8227248191833496}