{"loss": 4.529264450073242, "loc_loss": 1.8205026388168335, "conf_loss": 2.7087619304656982}