{"loss": 4.468843460083008, "loc_loss": 1.7720839977264404, "conf_loss": 2.6967597007751465}