{"loss": 4.439939498901367, "loc_loss": 1.7231504917144775, "conf_loss": 2.7167892456054688}