{"loss": 4.595840930938721, "loc_loss": 1.8343878984451294, "conf_loss": 2.7614529132843018}