{"loss": 4.625735759735107, "loc_loss": 1.8748310804367065, "conf_loss": 2.7509045600891113}