{"loss": 5.39552116394043, "loc_loss": 2.17140531539917, "conf_loss": 3.2241156101226807}