{"loss": 4.588050842285156, "loc_loss": 1.8721168041229248, "conf_loss": 2.7159337997436523}