{"loss": 4.577530860900879, "loc_loss": 1.8783928155899048, "conf_loss": 2.6991381645202637}