{"loss": 4.579746723175049, "loc_loss": 1.846720814704895, "conf_loss": 2.7330257892608643}