{"loss": 4.581203460693359, "loc_loss": 1.8502225875854492, "conf_loss": 2.7309811115264893}