{"loss": 4.661288738250732, "loc_loss": 1.8956944942474365, "conf_loss": 2.765594244003296}