{"loss": 4.574686050415039, "loc_loss": 1.8472189903259277, "conf_loss": 2.7274670600891113}