{"loss": 4.600078582763672, "loc_loss": 1.8629448413848877, "conf_loss": 2.7371339797973633}