{"loss": 4.657790184020996, "loc_loss": 1.904613733291626, "conf_loss": 2.753176212310791}