{"loss": 4.582753658294678, "loc_loss": 1.8740864992141724, "conf_loss": 2.708667278289795}