{"loss": 5.306601524353027, "loc_loss": 2.139366865158081, "conf_loss": 3.167234420776367}