{"loss": 5.324006080627441, "loc_loss": 2.1312623023986816, "conf_loss": 3.1927435398101807}