{"loss": 5.038209915161133, "loc_loss": 2.0978002548217773, "conf_loss": 2.9404098987579346}