{"loss": 5.015200614929199, "loc_loss": 2.0624489784240723, "conf_loss": 2.952751636505127}