{"loss": 4.730562686920166, "loc_loss": 1.9262603521347046, "conf_loss": 2.804302215576172}