{"loss": 4.704310417175293, "loc_loss": 1.9149407148361206, "conf_loss": 2.789369583129883}