{"loss": 4.666894912719727, "loc_loss": 1.8610713481903076, "conf_loss": 2.805823564529419}