{"loss": 4.688719272613525, "loc_loss": 1.895156979560852, "conf_loss": 2.793562173843384}