{"loss": 4.691722869873047, "loc_loss": 1.9370468854904175, "conf_loss": 2.75467586517334}