{"loss": 6.227560520172119, "loc_loss": 2.4673144817352295, "conf_loss": 3.7602460384368896}