{"loss": 4.542701244354248, "loc_loss": 1.8135820627212524, "conf_loss": 2.729119300842285}