{"loss": 4.467228889465332, "loc_loss": 1.7992595434188843, "conf_loss": 2.6679694652557373}