{"loss": 4.464119911193848, "loc_loss": 1.83716881275177, "conf_loss": 2.626950979232788}