{"loss": 4.4335126876831055, "loc_loss": 1.7991063594818115, "conf_loss": 2.634406566619873}