{"loss": 5.343754291534424, "loc_loss": 2.1722915172576904, "conf_loss": 3.1714627742767334}