{"loss": 5.299248695373535, "loc_loss": 2.087167739868164, "conf_loss": 3.21208119392395}