{"loss": 5.081382751464844, "loc_loss": 2.0682530403137207, "conf_loss": 3.013129711151123}