{"loss": 5.001970291137695, "loc_loss": 2.058135747909546, "conf_loss": 2.9438347816467285}