{"loss": 4.685673236846924, "loc_loss": 1.9617995023727417, "conf_loss": 2.7238736152648926}