{"loss": 4.681512355804443, "loc_loss": 1.9252591133117676, "conf_loss": 2.756253242492676}