{"loss": 4.552102088928223, "loc_loss": 1.861759901046753, "conf_loss": 2.6903419494628906}