{"loss": 4.555316925048828, "loc_loss": 1.8711068630218506, "conf_loss": 2.6842098236083984}