{"loss": 6.082134246826172, "loc_loss": 2.5356242656707764, "conf_loss": 3.5465097427368164}