{"loss": 4.836828231811523, "loc_loss": 1.962178111076355, "conf_loss": 2.874650239944458}