{"loss": 4.867306709289551, "loc_loss": 1.9630130529403687, "conf_loss": 2.9042935371398926}