{"loss": 4.847134113311768, "loc_loss": 1.9423524141311646, "conf_loss": 2.9047818183898926}