{"loss": 5.119014263153076, "loc_loss": 2.0633695125579834, "conf_loss": 3.0556447505950928}