{"loss": 5.310095310211182, "loc_loss": 2.121481418609619, "conf_loss": 3.1886138916015625}