{"loss": 4.808979511260986, "loc_loss": 1.9487076997756958, "conf_loss": 2.86027193069458}