{"loss": 4.547817707061768, "loc_loss": 1.7909445762634277, "conf_loss": 2.75687313079834}