{"loss": 7.177756309509277, "loc_loss": 2.588529348373413, "conf_loss": 4.589226722717285}