{"loss": 4.471107482910156, "loc_loss": 1.730230689048767, "conf_loss": 2.7408769130706787}