{"loss": 4.562722682952881, "loc_loss": 1.7922626733779907, "conf_loss": 2.7704601287841797}