{"loss": 4.424529552459717, "loc_loss": 1.7035778760910034, "conf_loss": 2.720951557159424}