{"loss": 4.5143914222717285, "loc_loss": 1.7638636827468872, "conf_loss": 2.7505276203155518}