{"loss": 4.482706069946289, "loc_loss": 1.741779088973999, "conf_loss": 2.740926742553711}