{"loss": 4.517871379852295, "loc_loss": 1.7811179161071777, "conf_loss": 2.736753463745117}