{"loss": 4.477495193481445, "loc_loss": 1.7559648752212524, "conf_loss": 2.7215301990509033}