{"loss": 4.470539093017578, "loc_loss": 1.7360483407974243, "conf_loss": 2.7344906330108643}