{"loss": 4.443084716796875, "loc_loss": 1.7322192192077637, "conf_loss": 2.7108657360076904}