{"loss": 5.6476945877075195, "loc_loss": 2.3055572509765625, "conf_loss": 3.342137336730957}