{"loss": 4.451327323913574, "loc_loss": 1.7301499843597412, "conf_loss": 2.721177339553833}