{"loss": 4.476217269897461, "loc_loss": 1.745649814605713, "conf_loss": 2.730567455291748}