{"loss": 4.460926532745361, "loc_loss": 1.745233178138733, "conf_loss": 2.715693473815918}