{"loss": 4.438358306884766, "loc_loss": 1.740999698638916, "conf_loss": 2.6973583698272705}