{"loss": 4.473278522491455, "loc_loss": 1.7436248064041138, "conf_loss": 2.7296535968780518}