{"loss": 11.226000785827637, "loc_loss": 2.594989538192749, "conf_loss": 8.631011009216309}