{"loss": 5.4613237380981445, "loc_loss": 2.2284557819366455, "conf_loss": 3.23286771774292}