{"loss": 5.650240898132324, "loc_loss": 2.303684949874878, "conf_loss": 3.3465561866760254}