{"loss": 4.767668724060059, "loc_loss": 1.9171385765075684, "conf_loss": 2.8505303859710693}