{"loss": 4.675017356872559, "loc_loss": 1.8855218887329102, "conf_loss": 2.7894952297210693}