{"loss": 4.61430025100708, "loc_loss": 1.814609169960022, "conf_loss": 2.7996912002563477}