{"loss": 4.633522033691406, "loc_loss": 1.8148289918899536, "conf_loss": 2.818693161010742}