{"loss": 5.41874885559082, "loc_loss": 2.1784403324127197, "conf_loss": 3.2403085231781006}