{"loss": 5.058300018310547, "loc_loss": 1.9835152626037598, "conf_loss": 3.074784517288208}