{"loss": 4.892192363739014, "loc_loss": 1.92853581905365, "conf_loss": 2.963656425476074}