{"loss": 4.8636298179626465, "loc_loss": 1.9138506650924683, "conf_loss": 2.9497792720794678}