{"loss": 4.919466018676758, "loc_loss": 1.981238842010498, "conf_loss": 2.9382271766662598}