{"loss": 4.993381500244141, "loc_loss": 1.925240397453308, "conf_loss": 3.068140983581543}