{"loss": 4.964139461517334, "loc_loss": 1.935382604598999, "conf_loss": 3.028756856918335}