{"loss": 4.90415620803833, "loc_loss": 1.88016939163208, "conf_loss": 3.02398681640625}