{"loss": 5.003864288330078, "loc_loss": 1.9329665899276733, "conf_loss": 3.0708978176116943}