{"loss": 5.046819686889648, "loc_loss": 1.9314484596252441, "conf_loss": 3.1153712272644043}