{"loss": 5.1027021408081055, "loc_loss": 1.9444538354873657, "conf_loss": 3.1582484245300293}