{"loss": 5.493832111358643, "loc_loss": 2.159855604171753, "conf_loss": 3.3339765071868896}