{"loss": 5.2937774658203125, "loc_loss": 2.1571109294891357, "conf_loss": 3.1366662979125977}