{"loss": 5.101648807525635, "loc_loss": 2.0115699768066406, "conf_loss": 3.090078830718994}