{"loss": 4.7842817306518555, "loc_loss": 1.9042693376541138, "conf_loss": 2.8800125122070312}