{"loss": 4.753143310546875, "loc_loss": 1.9209216833114624, "conf_loss": 2.832221508026123}