{"loss": 4.885098457336426, "loc_loss": 1.9899110794067383, "conf_loss": 2.8951871395111084}