{"loss": 4.827708721160889, "loc_loss": 1.9203661680221558, "conf_loss": 2.9073426723480225}