{"loss": 5.043094635009766, "loc_loss": 1.9626697301864624, "conf_loss": 3.0804247856140137}