{"loss": 4.9407958984375, "loc_loss": 2.0135128498077393, "conf_loss": 2.92728328704834}