{"loss": 6.145153999328613, "loc_loss": 2.4647011756896973, "conf_loss": 3.680452823638916}