{"loss": 4.601750373840332, "loc_loss": 1.784265398979187, "conf_loss": 2.8174848556518555}