{"loss": 4.757842063903809, "loc_loss": 1.9050347805023193, "conf_loss": 2.8528072834014893}