{"loss": 4.648311138153076, "loc_loss": 1.8466596603393555, "conf_loss": 2.8016514778137207}