{"loss": 4.947514057159424, "loc_loss": 2.042600154876709, "conf_loss": 2.904913902282715}