{"loss": 4.643484115600586, "loc_loss": 1.8142483234405518, "conf_loss": 2.8292360305786133}