{"loss": 4.9229888916015625, "loc_loss": 1.9797555208206177, "conf_loss": 2.9432332515716553}