{"loss": 4.602016448974609, "loc_loss": 1.7795442342758179, "conf_loss": 2.822472333908081}