{"loss": 4.626835823059082, "loc_loss": 1.823512315750122, "conf_loss": 2.803323268890381}