{"loss": 4.631500720977783, "loc_loss": 1.8177636861801147, "conf_loss": 2.813736915588379}