{"loss": 4.844095230102539, "loc_loss": 1.931074619293213, "conf_loss": 2.913020610809326}