{"loss": 4.622364521026611, "loc_loss": 1.815348505973816, "conf_loss": 2.807016134262085}