{"loss": 4.843577861785889, "loc_loss": 1.9470585584640503, "conf_loss": 2.896519422531128}