{"loss": 4.591649532318115, "loc_loss": 1.8110473155975342, "conf_loss": 2.780602216720581}