{"loss": 4.596746921539307, "loc_loss": 1.7953799962997437, "conf_loss": 2.8013668060302734}