{"loss": 4.802277088165283, "loc_loss": 1.9418714046478271, "conf_loss": 2.860405683517456}