{"loss": 4.60949182510376, "loc_loss": 1.813358187675476, "conf_loss": 2.7961337566375732}