{"loss": 5.4824628829956055, "loc_loss": 2.323554277420044, "conf_loss": 3.1589086055755615}