{"loss": 5.489264011383057, "loc_loss": 2.2742505073547363, "conf_loss": 3.2150135040283203}