{"loss": 5.227664470672607, "loc_loss": 2.1969685554504395, "conf_loss": 3.030695915222168}