{"loss": 5.7063188552856445, "loc_loss": 2.3869004249572754, "conf_loss": 3.319418430328369}