{"loss": 6.767824172973633, "loc_loss": 2.7876241207122803, "conf_loss": 3.9801998138427734}