{"loss": 5.010719299316406, "loc_loss": 1.9536678791046143, "conf_loss": 3.057051658630371}