{"loss": 4.884624481201172, "loc_loss": 2.001047372817993, "conf_loss": 2.883577346801758}