{"loss": 4.722411155700684, "loc_loss": 1.8542687892913818, "conf_loss": 2.868142604827881}