{"loss": 4.738722324371338, "loc_loss": 1.8559815883636475, "conf_loss": 2.8827407360076904}