{"loss": 4.681798934936523, "loc_loss": 1.8275177478790283, "conf_loss": 2.854281187057495}