{"loss": 4.958671569824219, "loc_loss": 2.007662057876587, "conf_loss": 2.951009511947632}