{"loss": 4.8797712326049805, "loc_loss": 1.9683014154434204, "conf_loss": 2.9114696979522705}