{"loss": 4.713371276855469, "loc_loss": 1.8766934871673584, "conf_loss": 2.8366775512695312}